3_4_Sit-Up	Підйом тулуба на 3/4
Ab_Crunch_Machine	Скручування в тренажері
Ab_Roller	Ролик для преса
Advanced_Kettlebell_Windmill	Млин з гирею (просунутий)
Air_Bike	Велосипед лежачи
Alternate_Hammer_Curl	Молоткові згинання поперемінно
Alternate_Heel_Touchers	Торкання п'ят поперемінно
Alternate_Incline_Dumbbell_Curl	Згинання з гантелями на похилій лаві поперемінно
Alternate_Leg_Diagonal_Bound	Діагональні стрибки з ноги на ногу
Alternating_Cable_Shoulder_Press	Жим у кросовері над головою поперемінно
Alternating_Deltoid_Raise	Підйоми на дельти поперемінно
Alternating_Floor_Press	Жим гантелей лежачи на підлозі поперемінно
Alternating_Hang_Clean	Взяття гир з вису поперемінно
Alternating_Kettlebell_Press	Жим гир поперемінно
Alternating_Kettlebell_Row	Тяга гир у нахилі поперемінно
Alternating_Renegade_Row	Тяга ренегата поперемінно
Anti-Gravity_Press	Жим штанги лежачи на похилій лаві обличчям донизу
Arnold_Dumbbell_Press	Жим Арнольда
Around_The_Worlds	«Навколо світу» з гантелями
Atlas_Stone_Trainer	Тренажер каменів Атласа
Atlas_Stones	Камені Атласа
Axle_Deadlift	Станова тяга з товстим грифом
Back_Flyes_-_With_Bands	Зворотні розведення з гумою
Backward_Drag	Протягування саней спиною вперед
Backward_Medicine_Ball_Throw	Кидок медболу назад
Balance_Board	Балансувальна дошка
Ball_Leg_Curl	Згинання ніг на фітболі
Band_Assisted_Pull-Up	Підтягування з гумою
Band_Good_Morning_Pull_Through	Протяжка з гумою між ніг
Band_Good_Morning	Нахили «доброго ранку» з гумою
Band_Hip_Adductions	Зведення ноги з гумою
Band_Pull_Apart	Розтягування гуми перед собою
Band_Skull_Crusher	Французький жим з гумою
Barbell_Ab_Rollout_-_On_Knees	Викочування штанги з колін
Barbell_Ab_Rollout	Викочування штанги стоячи
Barbell_Bench_Press_-_Medium_Grip	Жим штанги лежачи середнім хватом
Barbell_Curls_Lying_Against_An_Incline	Згинання зі штангою лежачи на похилій лаві
Barbell_Curl	Згинання рук зі штангою
Barbell_Deadlift	Станова тяга зі штангою
Barbell_Full_Squat	Глибокий присід зі штангою
Barbell_Glute_Bridge	Сідничний міст зі штангою
Barbell_Guillotine_Bench_Press	Жим «гільйотина» до шиї
Barbell_Hack_Squat	Гак-присід зі штангою за спиною
Barbell_Hip_Thrust	Сідничний міст зі штангою від лави
Barbell_Incline_Bench_Press_-_Medium_Grip	Жим штанги на похилій лаві середнім хватом
Barbell_Incline_Shoulder_Raise	Підйом плечей зі штангою на похилій лаві
Barbell_Lunge	Випади зі штангою
Barbell_Rear_Delt_Row	Тяга штанги до грудей на задні дельти
Barbell_Rollout_from_Bench	Викочування штанги з лави
Barbell_Seated_Calf_Raise	Підйом на носки сидячи зі штангою
Barbell_Shoulder_Press	Жим штанги над головою
Barbell_Shrug_Behind_The_Back	Шраги зі штангою за спиною
Barbell_Shrug	Шраги зі штангою
Barbell_Side_Bend	Нахили в бік зі штангою
Barbell_Side_Split_Squat	Бічний присід зі штангою
Barbell_Squat_To_A_Bench	Присід зі штангою до лави
Barbell_Squat	Присідання зі штангою
Barbell_Step_Ups	Зашагування на платформу зі штангою
Barbell_Walking_Lunge	Випади в ходьбі зі штангою
Battling_Ropes	Бойові канати
Bear_Crawl_Sled_Drags	Ведмежа хода з санями
Bench_Dips	Віджимання від лави
Bench_Jump	Стрибки через лаву
Bench_Press_-_Powerlifting	Жим лежачи (пауерліфтинг)
Bench_Press_-_With_Bands	Жим лежачи з гумою
Bench_Press_with_Chains	Жим лежачи з ланцюгами
Bench_Sprint	Спринт на лаву
Bent-Arm_Barbell_Pullover	Пуловер зі штангою на зігнутих руках
Bent-Arm_Dumbbell_Pullover	Пуловер з гантеллю на зігнутих руках
Bent-Knee_Hip_Raise	Підйом таза з зігнутими колінами
Bent_Over_Barbell_Row	Тяга штанги в нахилі
Bent_Over_Dumbbell_Rear_Delt_Raise_With_Head_On_Bench	Розведення гантелей у нахилі з опорою головою на лаву
Bent_Over_Low-Pulley_Side_Lateral	Відведення руки з нижнього блока в нахилі
Bent_Over_One-Arm_Long_Bar_Row	Тяга Т-грифа однією рукою в нахилі
Bent_Over_Two-Arm_Long_Bar_Row	Тяга Т-грифа в нахилі
Bent_Over_Two-Dumbbell_Row_With_Palms_In	Тяга двох гантелей у нахилі нейтральним хватом
Bent_Over_Two-Dumbbell_Row	Тяга двох гантелей у нахилі
Bent_Press	Жим гирі з нахилом у бік
Bicycling_Stationary	Велотренажер
Bicycling	Велосипед
Board_Press	Жим лежачи з дошками
Body-Up	Перехід з планки на прямі руки
Body_Tricep_Press	Віджимання на трицепс з власною вагою
Bodyweight_Flyes	Розведення з власною вагою
Bodyweight_Mid_Row	Тяга до пояса з власною вагою
Bodyweight_Squat	Присідання без ваги
Bodyweight_Walking_Lunge	Випади в ходьбі без ваги
Bosu_Ball_Cable_Crunch_With_Side_Bends	Скручування з блоком на BOSU з нахилами
Bottoms-Up_Clean_From_The_Hang_Position	Взяття гирі дном догори з вису
Bottoms_Up	Підйом таза лежачи
Box_Jump_Multiple_Response	Серійні стрибки на тумбу
Box_Skip	Стрибки через тумбу
Box_Squat_with_Bands	Присід на тумбу з гумою
Box_Squat_with_Chains	Присід на тумбу з ланцюгами
Box_Squat	Присід на тумбу
Bradford_Rocky_Presses	Жим Бредфорда
Butt-Ups	Підйом таза з планки
Butt_Lift_Bridge	Сідничний міст
Butterfly	Метелик (зведення в тренажері)
Cable_Chest_Press	Жим від грудей у кросовері
Cable_Crossover	Зведення рук у кросовері
Cable_Crunch	Скручування на блоці на колінах
Cable_Deadlifts	Станова тяга з нижнього блока
Cable_Hammer_Curls_-_Rope_Attachment	Молоткові згинання на блоці з канатом
Cable_Hip_Adduction	Зведення ноги на нижньому блоці
Cable_Incline_Pushdown	Розгинання на трицепс з блока на похилій лаві
Cable_Incline_Triceps_Extension	Розгинання на трицепс з блока лежачи на похилій лаві
Cable_Internal_Rotation	Внутрішня ротація плеча на блоці
Cable_Iron_Cross	Залізний хрест у кросовері
Cable_Judo_Flip	Кидок «дзюдо» на блоці
Cable_Lying_Triceps_Extension	Розгинання на трицепс з блока лежачи
Cable_One_Arm_Tricep_Extension	Розгинання на трицепс з блока однією рукою
Cable_Preacher_Curl	Згинання на лаві Скотта з блоком
Cable_Rear_Delt_Fly	Розведення на задні дельти в кросовері
Cable_Reverse_Crunch	Зворотні скручування з блоком
Cable_Rope_Overhead_Triceps_Extension	Розгинання з канатом з-за голови
Cable_Rope_Rear-Delt_Rows	Тяга каната до обличчя на задні дельти
Cable_Russian_Twists	Російські скручування з блоком
Cable_Seated_Crunch	Скручування з блоком сидячи
Cable_Seated_Lateral_Raise	Відведення руки з блока сидячи
Cable_Shoulder_Press	Жим з блоків над головою
Cable_Shrugs	Шраги на блоці
Cable_Wrist_Curl	Згинання зап'ясть на блоці
Calf-Machine_Shoulder_Shrug	Шраги в тренажері для литок
Calf_Press_On_The_Leg_Press_Machine	Жим носками в тренажері для жиму ногами
Calf_Press	Жим носками в тренажері
Calf_Raise_On_A_Dumbbell	Підйом на носок на гантелі
Calf_Raises_-_With_Bands	Підйоми на носки з гумою
Car_Deadlift	Станова тяга автомобіля
Car_Drivers	«Кермо» з диском
Carioca_Quick_Step	Кроки каріока
Catch_and_Overhead_Throw	Ловля і кидок медболу з-за голови
Chain_Handle_Extension	Розгинання з ланцюгом на трицепс
Chain_Press	Жим з ланцюгами
Chair_Squat	Присідання на стілець
Chest_Push_from_3_point_stance	Поштовх медболу від грудей з трьох точок опори
Chest_Push_multiple_response	Серійні поштовхи медболу від грудей
Chest_Push_single_response	Поштовх медболу від грудей
Chest_Push_with_Run_Release	Поштовх медболу від грудей з ривком
Chin-Up	Підтягування зворотним хватом
Circus_Bell	Цирковий дзвін (стронгмен)
Clean_Deadlift	Тяга для взяття на груди
Clean_Pull	Тяга взяття
Clean_Shrug	Шраги взяття
Clean_and_Jerk	Поштовх штанги (взяття і поштовх)
Clean_and_Press	Взяття на груди і жим
Clean_from_Blocks	Взяття на груди з плінтів
Clean	Взяття штанги на груди
Clock_Push-Up	Віджимання «годинник»
Close-Grip_Barbell_Bench_Press	Жим штанги лежачи вузьким хватом
Close-Grip_Dumbbell_Press	Жим гантелей лежачи разом
Close-Grip_EZ-Bar_Curl_with_Band	Згинання EZ-грифа вузьким хватом з гумою
Close-Grip_EZ-Bar_Press	Жим EZ-грифа вузьким хватом
Close-Grip_EZ_Bar_Curl	Згинання EZ-грифа вузьким хватом
Close-Grip_Front_Lat_Pulldown	Тяга верхнього блока вузьким хватом
Close-Grip_Push-Up_off_of_a_Dumbbell	Вузькі віджимання від гантелі
Close-Grip_Standing_Barbell_Curl	Згинання штанги стоячи вузьким хватом
Cocoons	«Кокон» на прес
Conans_Wheel	Колесо Конана
Concentration_Curls	Концентровані згинання
Cross-Body_Crunch	Діагональні скручування
Cross_Body_Hammer_Curl	Молоткові згинання до протилежного плеча
Cross_Over_-_With_Bands	Зведення рук з гумою
Crucifix	Утримання «розп'яття»
Crunch_-_Hands_Overhead	Скручування з руками над головою
Crunch_-_Legs_On_Exercise_Ball	Скручування з ногами на фітболі
Crunches	Скручування
Cuban_Press	Кубинський жим
Dead_Bug	Мертвий жук
Deadlift_with_Bands	Станова тяга з гумою
Deadlift_with_Chains	Станова тяга з ланцюгами
Decline_Barbell_Bench_Press	Жим штанги на лаві з негативним нахилом
Decline_Close-Grip_Bench_To_Skull_Crusher	Вузький жим і французький жим на лаві з негативним нахилом
Decline_Crunch	Скручування на лаві з негативним нахилом
Decline_Dumbbell_Bench_Press	Жим гантелей на лаві з негативним нахилом
Decline_Dumbbell_Flyes	Розведення гантелей на лаві з негативним нахилом
Decline_Dumbbell_Triceps_Extension	Розгинання гантелей на трицепс на лаві з негативним нахилом
Decline_EZ_Bar_Triceps_Extension	Французький жим EZ-грифа на лаві з негативним нахилом
Decline_Oblique_Crunch	Косі скручування на лаві з негативним нахилом
Decline_Push-Up	Віджимання з ногами на опорі
Decline_Reverse_Crunch	Зворотні скручування на лаві з негативним нахилом
Decline_Smith_Press	Жим у Сміті на лаві з негативним нахилом
Deficit_Deadlift	Станова тяга з дефіцитом
Depth_Jump_Leap	Стрибок у глибину з вистрибуванням
Dip_Machine	Віджимання в тренажері
Dips_-_Chest_Version	Віджимання на брусах на груди
Dips_-_Triceps_Version	Віджимання на брусах на трицепс
Donkey_Calf_Raises	Підйоми на носки «віслюк»
Double_Kettlebell_Alternating_Hang_Clean	Взяття двох гир з вису поперемінно
Double_Kettlebell_Jerk	Поштовх двох гир
Double_Kettlebell_Push_Press	Швунг двох гир
Double_Kettlebell_Snatch	Ривок двох гир
Double_Kettlebell_Windmill	Млин з двома гирями
Double_Leg_Butt_Kick	Стрибки з захлестом гомілок
Downward_Facing_Balance	Баланс на фітболі обличчям донизу
Drag_Curl	Згинання зі штангою вздовж тулуба
Drop_Push	Віджимання з падінням
Dumbbell_Alternate_Bicep_Curl	Згинання рук з гантелями поперемінно
Dumbbell_Bench_Press_with_Neutral_Grip	Жим гантелей лежачи нейтральним хватом
Dumbbell_Bench_Press	Жим гантелей лежачи
Dumbbell_Bicep_Curl	Згинання рук з гантелями
Dumbbell_Clean	Взяття гантелей на груди
Dumbbell_Floor_Press	Жим гантелей лежачи на підлозі
Dumbbell_Flyes	Розведення гантелей лежачи
Dumbbell_Incline_Row	Тяга гантелей лежачи на похилій лаві
Dumbbell_Incline_Shoulder_Raise	Підйом плечей з гантелями на похилій лаві
Dumbbell_Lunges	Випади з гантелями
Dumbbell_Lying_One-Arm_Rear_Lateral_Raise	Відведення гантелі лежачи на боці на задню дельту
Dumbbell_Lying_Pronation	Пронація з гантеллю лежачи
Dumbbell_Lying_Rear_Lateral_Raise	Розведення гантелей лежачи на задні дельти
Dumbbell_Lying_Supination	Супінація з гантеллю лежачи
Dumbbell_One-Arm_Shoulder_Press	Жим гантелі над головою однією рукою
Dumbbell_One-Arm_Triceps_Extension	Розгинання гантелі з-за голови однією рукою
Dumbbell_One-Arm_Upright_Row	Тяга гантелі до підборіддя однією рукою
Dumbbell_Prone_Incline_Curl	Згинання з гантелями лежачи грудьми на похилій лаві
Dumbbell_Raise	Підйом гантелей стоячи
Dumbbell_Rear_Lunge	Зворотні випади з гантелями
Dumbbell_Scaption	Підйом гантелей у площині лопатки
Dumbbell_Seated_Box_Jump	Стрибок на тумбу з положення сидячи з гантелями
Dumbbell_Seated_One-Leg_Calf_Raise	Підйом на носок сидячи з гантеллю однією ногою
Dumbbell_Shoulder_Press	Жим гантелей над головою
Dumbbell_Shrug	Шраги з гантелями
Dumbbell_Side_Bend	Нахили в бік з гантеллю
Dumbbell_Squat_To_A_Bench	Присід з гантелями до лави
Dumbbell_Squat	Присідання з гантелями
Dumbbell_Step_Ups	Зашагування на платформу з гантелями
Dumbbell_Tricep_Extension_-Pronated_Grip	Розгинання гантелей на трицепс прямим хватом
EZ-Bar_Curl	Згинання рук з EZ-грифом
EZ-Bar_Skullcrusher	Французький жим з EZ-грифом
Elbow_to_Knee	Скручування «лікоть до коліна»
Elevated_Back_Lunge	Зворотні випади з підвищення
Elevated_Cable_Rows	Тяга нижнього блока сидячи на підвищенні
Elliptical_Trainer	Орбітрек
Exercise_Ball_Crunch	Скручування на фітболі
Exercise_Ball_Pull-In	Підтягування колін на фітболі
Extended_Range_One-Arm_Kettlebell_Floor_Press	Жим гирі на підлозі однією рукою з повною амплітудою
External_Rotation_with_Band	Зовнішня ротація плеча з гумою
External_Rotation_with_Cable	Зовнішня ротація плеча на блоці
External_Rotation	Зовнішня ротація плеча з гантеллю
Face_Pull	Тяга каната до обличчя
Farmers_Walk	Прогулянка фермера
Fast_Skipping	Швидкий скіпінг
Finger_Curls	Згинання пальців зі штангою
Flat_Bench_Cable_Flyes	Розведення з блоків на горизонтальній лаві
Flat_Bench_Leg_Pull-In	Підтягування колін лежачи на лаві
Flat_Bench_Lying_Leg_Raise	Підйом ніг лежачи на лаві
Flexor_Incline_Dumbbell_Curls	Згинання гантелей на похилій лаві (акцент на згиначі)
Floor_Glute-Ham_Raise	Сіднично-підколінний підйом на підлозі
Floor_Press_with_Chains	Жим лежачи на підлозі з ланцюгами
Floor_Press	Жим штанги лежачи на підлозі
Flutter_Kicks	Ножиці лежачи
Forward_Drag_with_Press	Протягування саней вперед з жимом
Frankenstein_Squat	Присід Франкенштейна
Freehand_Jump_Squat	Присідання з вистрибуванням
Frog_Sit-Ups	Підйом тулуба «жабка»
Front_Barbell_Squat_To_A_Bench	Фронтальний присід до лави
Front_Barbell_Squat	Фронтальні присідання зі штангою
Front_Box_Jump	Стрибок на тумбу
Front_Cable_Raise	Підйом руки перед собою з нижнього блока
Front_Cone_Hops_or_hurdle_hops	Стрибки через конуси або бар'єри
Front_Dumbbell_Raise	Підйом гантелей перед собою
Front_Incline_Dumbbell_Raise	Підйом гантелей перед собою на похилій лаві
Front_Plate_Raise	Підйом диска перед собою
Front_Raise_And_Pullover	Підйом перед собою і пуловер
Front_Squat_Clean_Grip	Фронтальний присід хватом для взяття
Front_Squats_With_Two_Kettlebells	Фронтальні присідання з двома гирями
Front_Two-Dumbbell_Raise	Підйом двох гантелей перед собою
Full_Range-Of-Motion_Lat_Pulldown	Тяга верхнього блока з повною амплітудою
Gironda_Sternum_Chins	Підтягування Жиронди до грудини
Glute_Ham_Raise	Сіднично-підколінний підйом
Glute_Kickback	Махи ногою назад на сідниці
Goblet_Squat	Кубковий присід
Good_Morning_off_Pins	«Доброго ранку» з упорів
Good_Morning	Нахили «доброго ранку»
Gorilla_Chin_Crunch	Підтягування «горила» зі скручуванням
Hack_Squat	Гак-присід
Hammer_Curls	Молоткові згинання
Hammer_Grip_Incline_DB_Bench_Press	Жим гантелей на похилій лаві нейтральним хватом
Handstand_Push-Ups	Віджимання в стійці на руках
Hang_Clean_-_Below_the_Knees	Взяття з вису нижче колін
Hang_Clean	Взяття штанги на груди з вису
Hang_Snatch_-_Below_Knees	Ривок з вису нижче колін
Hang_Snatch	Ривок з вису
Hanging_Bar_Good_Morning	«Доброго ранку» зі штангою в упорах
Hanging_Leg_Raise	Підйом ніг у висі
Hanging_Pike	Підйом ніг до перекладини у висі
Heaving_Snatch_Balance	Підсід у ривку з поштовхом
Heavy_Bag_Thrust	Поштовхи важкого мішка
High_Cable_Curls	Згинання рук з верхніх блоків
Hip_Extension_with_Bands	Розгинання стегна з гумою
Hip_Flexion_with_Band	Згинання стегна з гумою
Hip_Lift_with_Band	Підйом таза з гумою
Hurdle_Hops	Стрибки через бар'єри
Hyperextensions_Back_Extensions	Гіперекстензія
Hyperextensions_With_No_Hyperextension_Bench	Гіперекстензія без тренажера
Incline_Barbell_Triceps_Extension	Французький жим штанги на похилій лаві
Incline_Bench_Pull	Тяга штанги лежачи на похилій лаві
Incline_Cable_Chest_Press	Жим з блоків на похилій лаві
Incline_Cable_Flye	Розведення з блоків на похилій лаві
Incline_Dumbbell_Bench_With_Palms_Facing_In	Жим гантелей на похилій лаві долонями всередину
Incline_Dumbbell_Curl	Згинання з гантелями на похилій лаві
Incline_Dumbbell_Flyes_-_With_A_Twist	Розведення гантелей на похилій лаві з розворотом
Incline_Dumbbell_Flyes	Розведення гантелей на похилій лаві
Incline_Dumbbell_Press	Жим гантелей на похилій лаві
Incline_Hammer_Curls	Молоткові згинання на похилій лаві
Incline_Inner_Biceps_Curl	Згинання на внутрішній біцепс на похилій лаві
Incline_Push-Up_Close-Grip	Вузькі віджимання від опори
Incline_Push-Up_Depth_Jump	Вибухові віджимання від опори зі стрибком
Incline_Push-Up_Medium	Віджимання від опори середньою постановкою
Incline_Push-Up_Reverse_Grip	Віджимання від опори зворотним хватом
Incline_Push-Up_Wide	Широкі віджимання від опори
Incline_Push-Up	Віджимання від опори
Internal_Rotation_with_Band	Внутрішня ротація плеча з гумою
Inverted_Row_with_Straps	Горизонтальне підтягування на петлях
Inverted_Row	Горизонтальне підтягування
Iron_Cross	Залізний хрест з гантелями
Isometric_Chest_Squeezes	Ізометричне стискання долонь на груди
Isometric_Neck_Exercise_-_Front_And_Back	Ізометрія для шиї вперед і назад
Isometric_Neck_Exercise_-_Sides	Ізометрія для шиї в боки
Isometric_Wipers	Ізометричні «двірники»
JM_Press	JM-жим
Jackknife_Sit-Up	Складка на прес
Janda_Sit-Up	Підйом тулуба за Яндою
Jefferson_Squats	Присід Джефферсона
Jerk_Balance	Баланс у поштовху
Jerk_Dip_Squat	Підсід у поштовху
Jogging_Treadmill	Біг підтюпцем на доріжці
Keg_Load	Закидання бочки
Kettlebell_Arnold_Press	Жим Арнольда з гирею
Kettlebell_Dead_Clean	Взяття гирі з підлоги
Kettlebell_Figure_8	Вісімка з гирею
Kettlebell_Hang_Clean	Взяття гирі з вису
Kettlebell_One-Legged_Deadlift	Тяга гирі на одній нозі
Kettlebell_Pass_Between_The_Legs	Передача гирі між ногами
Kettlebell_Pirate_Ships	«Піратський корабель» з гирею
Kettlebell_Pistol_Squat	Пістолет з гирею
Kettlebell_Seated_Press	Жим гирі сидячи
Kettlebell_Seesaw_Press	Жим гир «гойдалка»
Kettlebell_Sumo_High_Pull	Протяжка гирі в стійці сумо
Kettlebell_Thruster	Трастер з гирею
Kettlebell_Turkish_Get-Up_Lunge_style	Турецький підйом з гирею (через випад)
Kettlebell_Turkish_Get-Up_Squat_style	Турецький підйом з гирею (через присід)
Kettlebell_Windmill	Млин з гирею
Kipping_Muscle_Up	Вихід силою з розмахом
Knee_Hip_Raise_On_Parallel_Bars	Підйом колін в упорі на брусах
Knee_Tuck_Jump	Стрибки з підтягуванням колін
Kneeling_Arm_Drill	Робота руками для бігу на колінах
Kneeling_Cable_Crunch_With_Alternating_Oblique_Twists	Скручування на блоці на колінах з поворотами
Kneeling_Cable_Triceps_Extension	Розгинання з блока з-за голови на колінах
Kneeling_High_Pulley_Row	Тяга верхнього блока на колінах
Kneeling_Jump_Squat	Стрибок з колін у присід
Kneeling_Single-Arm_High_Pulley_Row	Тяга верхнього блока однією рукою на колінах
Kneeling_Squat	Присід з колін зі штангою
Landmine_180s	Повороти з кутовою штангою на 180°
Landmine_Linear_Jammer	Лінійний жим кутової штанги
Lateral_Bound	Бічні стрибки з ноги на ногу
Lateral_Box_Jump	Бічний стрибок на тумбу
Lateral_Cone_Hops	Бічні стрибки через конуси
Lateral_Raise_-_With_Bands	Підйоми рук у боки з гумою
Leg-Over_Floor_Press	Жим гантелі на підлозі з закинутою ногою
Leg_Extensions	Розгинання ніг у тренажері
Leg_Lift	Підйом ноги
Leg_Press	Жим ногами
Leg_Pull-In	Підтягування колін лежачи
Leverage_Chest_Press	Жим від грудей у важільному тренажері
Leverage_Deadlift	Станова тяга у важільному тренажері
Leverage_Decline_Chest_Press	Жим у важільному тренажері з негативним нахилом
Leverage_High_Row	Верхня тяга у важільному тренажері
Leverage_Incline_Chest_Press	Жим під кутом у важільному тренажері
Leverage_Iso_Row	Тяга у важільному тренажері кожною рукою окремо
Leverage_Shoulder_Press	Жим над головою у важільному тренажері
Leverage_Shrug	Шраги у важільному тренажері
Linear_3-Part_Start_Technique	Техніка старту з трьох фаз
Linear_Acceleration_Wall_Drill	Вправа на розгін з упором у стіну
Linear_Depth_Jump	Стрибок у глибину
Log_Lift	Жим колоди
London_Bridges	«Лондонські мости» на канаті
Low_Cable_Crossover	Зведення з нижніх блоків
Low_Cable_Triceps_Extension	Розгинання на трицепс з нижнього блока
Low_Pulley_Row_To_Neck	Тяга нижнього блока до шиї
Lunge_Pass_Through	Випади з передачею гирі
Lunge_Sprint	Спринт з випаду
Lying_Cable_Curl	Згинання з блоком лежачи
Lying_Cambered_Barbell_Row	Тяга вигнутого грифа лежачи на лаві
Lying_Close-Grip_Bar_Curl_On_High_Pulley	Згинання з верхнього блока лежачи вузьким хватом
Lying_Close-Grip_Barbell_Triceps_Extension_Behind_The_Head	Французький жим за голову вузьким хватом
Lying_Close-Grip_Barbell_Triceps_Press_To_Chin	Французький жим до підборіддя вузьким хватом
Lying_Dumbbell_Tricep_Extension	Французький жим з гантелями лежачи
Lying_Face_Down_Plate_Neck_Resistance	Розгинання шиї з диском лежачи обличчям донизу
Lying_Face_Up_Plate_Neck_Resistance	Згинання шиї з диском лежачи на спині
Lying_High_Bench_Barbell_Curl	Згинання зі штангою лежачи на високій лаві
Lying_Leg_Curls	Згинання ніг лежачи
Lying_Machine_Squat	Присід лежачи в тренажері
Lying_One-Arm_Lateral_Raise	Відведення гантелі лежачи на боці
Lying_Rear_Delt_Raise	Розведення лежачи на задні дельти
Lying_Supine_Dumbbell_Curl	Згинання з гантелями лежачи на спині
Lying_T-Bar_Row	Тяга Т-грифа з упором грудьми
Lying_Triceps_Press	Французький жим лежачи
Machine_Bench_Press	Жим лежачи в тренажері
Machine_Bicep_Curl	Згинання на біцепс у тренажері
Machine_Preacher_Curls	Згинання на біцепс у тренажері Скотта
Machine_Shoulder_Military_Press	Армійський жим у тренажері
Machine_Triceps_Extension	Розгинання на трицепс у тренажері
Medicine_Ball_Chest_Pass	Передача медболу від грудей
Medicine_Ball_Full_Twist	Повний поворот з медболом
Medicine_Ball_Scoop_Throw	Кидок медболу знизу вгору
Middle_Back_Shrug	Шраги на середину спини
Mixed_Grip_Chin	Підтягування різнохватом
Monster_Walk	Хода монстра з гумою
Mountain_Climbers	Скелелаз
Moving_Claw_Series	Серія «кігтів» для бігу
Muscle_Snatch	Силовий ривок без підсіду
Muscle_Up	Вихід силою
Narrow_Stance_Hack_Squats	Гак-присід з вузькою постановкою ніг
Narrow_Stance_Leg_Press	Жим ногами з вузькою постановкою
Narrow_Stance_Squats	Присідання з вузькою постановкою ніг
Natural_Glute_Ham_Raise	Сіднично-підколінний підйом з власною вагою
Neck_Press	Жим штанги до шиї
Oblique_Crunches_-_On_The_Floor	Косі скручування на підлозі
Oblique_Crunches	Косі скручування
Olympic_Squat	Олімпійський присід
One-Arm_Dumbbell_Row	Тяга гантелі однією рукою
One-Arm_Flat_Bench_Dumbbell_Flye	Розведення гантелі однією рукою лежачи
One-Arm_High-Pulley_Cable_Side_Bends	Нахили в бік з верхнім блоком
One-Arm_Incline_Lateral_Raise	Відведення гантелі однією рукою на похилій лаві
One-Arm_Kettlebell_Clean_and_Jerk	Поштовх гирі однією рукою
One-Arm_Kettlebell_Clean	Взяття гирі однією рукою
One-Arm_Kettlebell_Floor_Press	Жим гирі на підлозі однією рукою
One-Arm_Kettlebell_Jerk	Поштовх гирі однією рукою від грудей
One-Arm_Kettlebell_Military_Press_To_The_Side	Армійський жим гирі однією рукою в бік
One-Arm_Kettlebell_Para_Press	Пара-жим гирі однією рукою
One-Arm_Kettlebell_Push_Press	Швунг гирі однією рукою
One-Arm_Kettlebell_Row	Тяга гирі однією рукою в нахилі
One-Arm_Kettlebell_Snatch	Ривок гирі однією рукою
One-Arm_Kettlebell_Split_Jerk	Поштовх гирі однією рукою в ножиці
One-Arm_Kettlebell_Split_Snatch	Ривок гирі однією рукою в ножиці
One-Arm_Kettlebell_Swings	Махи гирею однією рукою
One-Arm_Long_Bar_Row	Тяга Т-грифа однією рукою
One-Arm_Medicine_Ball_Slam	Кидок медболу об підлогу однією рукою
One-Arm_Open_Palm_Kettlebell_Clean	Взяття гирі однією рукою відкритою долонею
One-Arm_Overhead_Kettlebell_Squats	Присідання з гирею над головою однією рукою
One-Arm_Side_Deadlift	Станова тяга збоку однією рукою
One-Arm_Side_Laterals	Відведення гантелі в бік однією рукою
One-Legged_Cable_Kickback	Відведення ноги назад на нижньому блоці
One_Arm_Chin-Up	Підтягування на одній руці
One_Arm_Dumbbell_Bench_Press	Жим гантелі лежачи однією рукою
One_Arm_Dumbbell_Preacher_Curl	Згинання гантелі на лаві Скотта однією рукою
One_Arm_Floor_Press	Жим на підлозі однією рукою
One_Arm_Lat_Pulldown	Тяга верхнього блока однією рукою
One_Arm_Pronated_Dumbbell_Triceps_Extension	Розгинання гантелі лежачи однією рукою прямим хватом
One_Arm_Supinated_Dumbbell_Triceps_Extension	Розгинання гантелі лежачи однією рукою зворотним хватом
One_Leg_Barbell_Squat	Присід на одній нозі зі штангою
Open_Palm_Kettlebell_Clean	Взяття гирі відкритою долонею
Otis-Up	Підйом тулуба з диском (Otis-Up)
Overhead_Cable_Curl	Згинання з верхніх блоків над головою
Overhead_Slam	Кидок медболу з-за голови об підлогу
Overhead_Squat	Присід зі штангою над головою
Pallof_Press_With_Rotation	Жим Паллофа з поворотом
Pallof_Press	Жим Паллофа
Palms-Down_Dumbbell_Wrist_Curl_Over_A_Bench	Розгинання зап'ястя з гантеллю на лаві
Palms-Down_Wrist_Curl_Over_A_Bench	Розгинання зап'ясть зі штангою на лаві
Palms-Up_Barbell_Wrist_Curl_Over_A_Bench	Згинання зап'ясть зі штангою на лаві
Palms-Up_Dumbbell_Wrist_Curl_Over_A_Bench	Згинання зап'ястя з гантеллю на лаві
Parallel_Bar_Dip	Віджимання на брусах
Physioball_Hip_Bridge	Сідничний міст на фітболі
Pin_Presses	Жим з упорів
Plank	Планка
Plate_Pinch	Утримання дисків щипком
Plate_Twist	Повороти з диском
Platform_Hamstring_Slides	Ковзання на задню поверхню стегна
Plie_Dumbbell_Squat	Присід плі з гантеллю
Plyo_Kettlebell_Pushups	Пліометричні віджимання на гирях
Plyo_Push-up	Пліометричні віджимання
Power_Clean_from_Blocks	Силове взяття з плінтів
Power_Clean	Силове взяття на груди
Power_Jerk	Силовий поштовх
Power_Partials	Силові часткові підйоми в боки
Power_Snatch_from_Blocks	Силовий ривок з плінтів
Power_Snatch	Силовий ривок
Power_Stairs	Підйом вантажу по сходах
Preacher_Curl	Згинання на лаві Скотта
Preacher_Hammer_Dumbbell_Curl	Молоткові згинання на лаві Скотта
Press_Sit-Up	Підйом тулуба з жимом штанги
Prone_Manual_Hamstring	Згинання ніг лежачи з опором партнера
Prowler_Sprint	Спринт із санями-проулером
Pull_Through	Протяжка з блока між ніг
Pullups	Підтягування
Push-Up_Wide	Широкі віджимання
Push-Ups_-_Close_Triceps_Position	Вузькі віджимання на трицепс
Push-Ups_With_Feet_Elevated	Віджимання з ногами на підвищенні
Push-Ups_With_Feet_On_An_Exercise_Ball	Віджимання з ногами на фітболі
Push_Press_-_Behind_the_Neck	Швунг штанги з-за голови
Push_Press	Швунг штанги
Push_Up_to_Side_Plank	Віджимання з переходом у бічну планку
Pushups_Close_and_Wide_Hand_Positions	Віджимання вузько і широко
Pushups	Віджимання
Quick_Leap	Швидкий стрибок на тумбу
Rack_Delivery	Взяття штанги до стійок
Rack_Pull_with_Bands	Тяга з плінтів з гумою
Rack_Pulls	Тяга з плінтів
Recumbent_Bike	Горизонтальний велотренажер
Return_Push_from_Stance	Поштовх медболу зі стійки з поверненням
Reverse_Band_Bench_Press	Жим лежачи зі зворотною гумою
Reverse_Band_Box_Squat	Присід на тумбу зі зворотною гумою
Reverse_Band_Deadlift	Станова тяга зі зворотною гумою
Reverse_Band_Power_Squat	Присід зі зворотною гумою
Reverse_Band_Sumo_Deadlift	Тяга сумо зі зворотною гумою
Reverse_Barbell_Curl	Згинання штанги зворотним хватом
Reverse_Barbell_Preacher_Curls	Згинання на лаві Скотта зворотним хватом
Reverse_Cable_Curl	Згинання з блоком зворотним хватом
Reverse_Crunch	Зворотні скручування
Reverse_Flyes_With_External_Rotation	Зворотні розведення з зовнішньою ротацією
Reverse_Flyes	Зворотні розведення
Reverse_Grip_Bent-Over_Rows	Тяга штанги в нахилі зворотним хватом
Reverse_Grip_Triceps_Pushdown	Розгинання на блоці зворотним хватом
Reverse_Hyperextension	Зворотна гіперекстензія
Reverse_Machine_Flyes	Зворотні розведення в тренажері
Reverse_Plate_Curls	Згинання з диском зворотним хватом
Reverse_Triceps_Bench_Press	Жим лежачи зворотним хватом на трицепс
Rickshaw_Carry	Перенесення рикші
Rickshaw_Deadlift	Станова тяга рикші
Ring_Dips	Віджимання на кільцях
Rocket_Jump	Стрибок «ракета»
Rocking_Standing_Calf_Raise	Перекати з п'ят на носки стоячи
Rocky_Pull-Ups_Pulldowns	Підтягування і тяга блока «Роккі»
Romanian_Deadlift_from_Deficit	Румунська тяга з дефіциту
Romanian_Deadlift	Румунська тяга
Rope_Climb	Лазіння по канату
Rope_Crunch	Скручування з канатом на блоці
Rope_Jumping	Стрибки через скакалку
Rope_Straight-Arm_Pulldown	Пуловер з канатом на верхньому блоці
Rowing_Stationary	Гребний тренажер
Running_Treadmill	Біг на доріжці
Russian_Twist	Російські скручування
Sandbag_Load	Закидання мішка з піском
Scapular_Pull-Up	Лопаткові підтягування
Scissors_Jump	Стрибки «ножиці»
Seated_Band_Hamstring_Curl	Згинання ноги з гумою сидячи
Seated_Barbell_Military_Press	Армійський жим штанги сидячи
Seated_Barbell_Twist	Повороти зі штангою сидячи
Seated_Bent-Over_One-Arm_Dumbbell_Triceps_Extension	Розгинання гантелі однією рукою в нахилі сидячи
Seated_Bent-Over_Rear_Delt_Raise	Розведення в нахилі сидячи на задні дельти
Seated_Bent-Over_Two-Arm_Dumbbell_Triceps_Extension	Розгинання двох гантелей у нахилі сидячи
Seated_Cable_Rows	Тяга нижнього блока сидячи
Seated_Cable_Shoulder_Press	Жим з блоків над головою сидячи
Seated_Calf_Raise	Підйом на носки сидячи
Seated_Close-Grip_Concentration_Barbell_Curl	Концентроване згинання штанги сидячи вузьким хватом
Seated_Dumbbell_Curl	Згинання з гантелями сидячи
Seated_Dumbbell_Inner_Biceps_Curl	Згинання на внутрішній біцепс сидячи
Seated_Dumbbell_Palms-Down_Wrist_Curl	Розгинання зап'ясть з гантелями сидячи
Seated_Dumbbell_Palms-Up_Wrist_Curl	Згинання зап'ясть з гантелями сидячи
Seated_Dumbbell_Press	Жим гантелей сидячи
Seated_Flat_Bench_Leg_Pull-In	Підтягування колін сидячи на лаві
Seated_Good_Mornings	«Доброго ранку» сидячи
Seated_Head_Harness_Neck_Resistance	Розгинання шиї з упряжжю сидячи
Seated_Leg_Curl	Згинання ніг сидячи
Seated_Leg_Tucks	Підтягування колін до грудей сидячи
Seated_One-Arm_Dumbbell_Palms-Down_Wrist_Curl	Розгинання зап'ястя з гантеллю однією рукою сидячи
Seated_One-Arm_Dumbbell_Palms-Up_Wrist_Curl	Згинання зап'ястя з гантеллю однією рукою сидячи
Seated_One-arm_Cable_Pulley_Rows	Тяга нижнього блока однією рукою сидячи
Seated_Palm-Up_Barbell_Wrist_Curl	Згинання зап'ясть зі штангою сидячи
Seated_Palms-Down_Barbell_Wrist_Curl	Розгинання зап'ясть зі штангою сидячи
Seated_Side_Lateral_Raise	Махи гантелями в боки сидячи
Seated_Triceps_Press	Французький жим сидячи
Seated_Two-Arm_Palms-Up_Low-Pulley_Wrist_Curl	Згинання зап'ясть з нижнього блока сидячи
See-Saw_Press_Alternating_Side_Press	Жим «гойдалка» поперемінно
Shotgun_Row	Тяга «рушниця» однією рукою на блоці
Shoulder_Press_-_With_Bands	Жим над головою з гумою
Side_Bridge	Бічна планка
Side_Hop-Sprint	Бічний стрибок і спринт
Side_Jackknife	Бічна складка
Side_Lateral_Raise	Махи гантелями в боки
Side_Laterals_to_Front_Raise	Махи в боки з переходом перед собою
Side_Standing_Long_Jump	Бічний стрибок у довжину з місця
Side_To_Side_Chins	Підтягування з перенесенням з боку в бік
Side_to_Side_Box_Shuffle	Бічні перескоки через тумбу
Single-Arm_Cable_Crossover	Зведення в кросовері однією рукою
Single-Arm_Linear_Jammer	Жим кутової штанги однією рукою
Single-Arm_Push-Up	Віджимання на одній руці
Single-Cone_Sprint_Drill	Спринт навколо конуса
Single-Leg_High_Box_Squat	Присід на одній нозі на високу тумбу
Single-Leg_Hop_Progression	Стрибки на одній нозі
Single-Leg_Lateral_Hop	Бічні стрибки на одній нозі
Single-Leg_Leg_Extension	Розгинання однієї ноги в тренажері
Single-Leg_Stride_Jump	Стрибок на одній нозі з тумби
Single_Dumbbell_Raise	Підйом однієї гантелі перед собою
Single_Leg_Butt_Kick	Захлест гомілки однією ногою
Single_Leg_Glute_Bridge	Сідничний міст на одній нозі
Single_Leg_Push-off	Відштовхування однією ногою від тумби
Sit-Up	Підйом тулуба
Skating	Ковзанярські стрибки
Sled_Drag_-_Harness	Протягування саней в упряжі
Sled_Overhead_Backward_Walk	Хода назад із санями над головою
Sled_Overhead_Triceps_Extension	Розгинання на трицепс із санями
Sled_Push	Штовхання саней
Sled_Reverse_Flye	Зворотні розведення із санями
Sled_Row	Тяга саней
Sledgehammer_Swings	Удари кувалдою
Smith_Incline_Shoulder_Raise	Підйом плечей у Сміті на похилій лаві
Smith_Machine_Behind_the_Back_Shrug	Шраги в Сміті за спиною
Smith_Machine_Bench_Press	Жим лежачи в Сміті
Smith_Machine_Bent_Over_Row	Тяга в нахилі в Сміті
Smith_Machine_Calf_Raise	Підйом на носки в Сміті
Smith_Machine_Close-Grip_Bench_Press	Жим лежачи вузьким хватом у Сміті
Smith_Machine_Decline_Press	Жим у Сміті з негативним нахилом
Smith_Machine_Hang_Power_Clean	Силове взяття з вису в Сміті
Smith_Machine_Hip_Raise	Підйом таза в Сміті
Smith_Machine_Incline_Bench_Press	Жим на похилій лаві в Сміті
Smith_Machine_Leg_Press	Жим ногами в Сміті
Smith_Machine_One-Arm_Upright_Row	Тяга до підборіддя однією рукою в Сміті
Smith_Machine_Overhead_Shoulder_Press	Жим над головою в Сміті
Smith_Machine_Pistol_Squat	Пістолет у Сміті
Smith_Machine_Reverse_Calf_Raises	Підйом носків у Сміті
Smith_Machine_Squat	Присідання в Сміті
Smith_Machine_Stiff-Legged_Deadlift	Тяга на прямих ногах у Сміті
Smith_Machine_Upright_Row	Тяга до підборіддя в Сміті
Smith_Single-Leg_Split_Squat	Болгарський присід у Сміті
Snatch_Balance	Підсід у ривку
Snatch_Deadlift	Тяга ривковим хватом
Snatch_Pull	Ривкова тяга
Snatch_Shrug	Шраги ривковим хватом
Snatch_from_Blocks	Ривок з плінтів
Snatch	Ривок
Speed_Band_Overhead_Triceps	Швидкі розгинання гуми з-за голови
Speed_Box_Squat	Швидкісний присід на тумбу
Speed_Squats	Швидкісні присідання
Spell_Caster	«Чарівник» з гантелями
Spider_Crawl	Повзання «павук»
Spider_Curl	Згинання «павук»
Split_Clean	Взяття в ножиці
Split_Jerk	Поштовх у ножиці
Split_Jump	Стрибки з випаду зі зміною ніг
Split_Snatch	Ривок у ножиці
Split_Squat_with_Dumbbells	Спліт-присід з гантелями
Squat_Jerk	Поштовх з підсідом
Squat_with_Bands	Присід з гумою
Squat_with_Chains	Присід з ланцюгами
Squat_with_Plate_Movers	Присід з перенесенням дисків
Squats_-_With_Bands	Присідання з гумою
Stairmaster	Степ-тренажер (сходи)
Standing_Alternating_Dumbbell_Press	Жим гантелей стоячи поперемінно
Standing_Barbell_Calf_Raise	Підйом на носки стоячи зі штангою
Standing_Barbell_Press_Behind_Neck	Жим штанги з-за голови стоячи
Standing_Bent-Over_One-Arm_Dumbbell_Triceps_Extension	Розгинання гантелі в нахилі однією рукою
Standing_Bent-Over_Two-Arm_Dumbbell_Triceps_Extension	Розгинання двох гантелей у нахилі
Standing_Biceps_Cable_Curl	Згинання на біцепс з нижнього блока стоячи
Standing_Bradford_Press	Жим Бредфорда стоячи
Standing_Cable_Chest_Press	Жим від грудей з блоків стоячи
Standing_Cable_Lift	Діагональний підйом з блока знизу вгору
Standing_Cable_Wood_Chop	«Дроворуб» з блоком
Standing_Calf_Raises	Підйом на носки стоячи
Standing_Concentration_Curl	Концентроване згинання стоячи
Standing_Dumbbell_Calf_Raise	Підйом на носки з гантелями стоячи
Standing_Dumbbell_Press	Жим гантелей стоячи
Standing_Dumbbell_Reverse_Curl	Згинання гантелей зворотним хватом стоячи
Standing_Dumbbell_Straight-Arm_Front_Delt_Raise_Above_Head	Підйом гантелей прямими руками над головою
Standing_Dumbbell_Triceps_Extension	Розгинання гантелі з-за голови стоячи
Standing_Dumbbell_Upright_Row	Тяга гантелей до підборіддя
Standing_Front_Barbell_Raise_Over_Head	Підйом штанги перед собою над головою
Standing_Inner-Biceps_Curl	Згинання на внутрішній біцепс стоячи
Standing_Leg_Curl	Згинання ноги стоячи
Standing_Long_Jump	Стрибок у довжину з місця
Standing_Low-Pulley_Deltoid_Raise	Відведення руки з нижнього блока стоячи
Standing_Low-Pulley_One-Arm_Triceps_Extension	Розгинання з нижнього блока однією рукою
Standing_Military_Press	Армійський жим стоячи
Standing_Olympic_Plate_Hand_Squeeze	Утримання диска пальцями стоячи
Standing_One-Arm_Cable_Curl	Згинання з блоком однією рукою стоячи
Standing_One-Arm_Dumbbell_Curl_Over_Incline_Bench	Згинання гантелі однією рукою через похилу лаву
Standing_One-Arm_Dumbbell_Triceps_Extension	Розгинання гантелі з-за голови однією рукою стоячи
Standing_Overhead_Barbell_Triceps_Extension	Французький жим штанги стоячи
Standing_Palm-In_One-Arm_Dumbbell_Press	Жим гантелі нейтральним хватом однією рукою стоячи
Standing_Palms-In_Dumbbell_Press	Жим гантелей нейтральним хватом стоячи
Standing_Palms-Up_Barbell_Behind_The_Back_Wrist_Curl	Згинання зап'ясть зі штангою за спиною
Standing_Rope_Crunch	Скручування з канатом стоячи
Standing_Towel_Triceps_Extension	Розгинання з рушником на трицепс
Standing_Two-Arm_Overhead_Throw	Кидок медболу з-за голови двома руками
Star_Jump	Стрибок «зірочка»
Step-up_with_Knee_Raise	Зашагування з підйомом коліна
Step_Mill	Сходовий тренажер
Stiff-Legged_Barbell_Deadlift	Станова тяга на прямих ногах зі штангою
Stiff-Legged_Dumbbell_Deadlift	Станова тяга на прямих ногах з гантелями
Stiff_Leg_Barbell_Good_Morning	«Доброго ранку» на прямих ногах
Straight-Arm_Dumbbell_Pullover	Пуловер з гантеллю на прямих руках
Straight-Arm_Pulldown	Пуловер на верхньому блоці прямими руками
Straight_Bar_Bench_Mid_Rows	Тяга прямого грифа з блока з упором
Straight_Raises_on_Incline_Bench	Підйоми прямих рук на похилій лаві
Stride_Jump_Crossover	Стрибки з перехрещенням через лаву
Sumo_Deadlift_with_Bands	Тяга сумо з гумою
Sumo_Deadlift_with_Chains	Тяга сумо з ланцюгами
Sumo_Deadlift	Станова тяга сумо
Supine_Chest_Throw	Кидок медболу від грудей лежачи
Supine_One-Arm_Overhead_Throw	Кидок медболу однією рукою з-за голови лежачи
Supine_Two-Arm_Overhead_Throw	Кидок медболу з-за голови лежачи
Suspended_Fallout	Розкочування на петлях
Suspended_Push-Up	Віджимання на петлях
Suspended_Reverse_Crunch	Зворотні скручування на петлях
Suspended_Row	Тяга на петлях
Suspended_Split_Squat	Спліт-присід на петлях
Svend_Press	Жим Свенда
T-Bar_Row_with_Handle	Тяга Т-грифа з рукояткою
Tate_Press	Жим Тейта
Thigh_Abductor	Розведення ніг у тренажері
Thigh_Adductor	Зведення ніг у тренажері
Tire_Flip	Перекидання шини
Trail_Running_Walking	Трейл: біг або ходьба
Trap_Bar_Deadlift	Станова тяга з трап-грифом
Tricep_Dumbbell_Kickback	Розгинання гантелі в нахилі (кікбек)
Triceps_Overhead_Extension_with_Rope	Розгинання з канатом з-за голови спиною до блока
Triceps_Pushdown_-_Rope_Attachment	Розгинання на блоці з канатом
Triceps_Pushdown_-_V-Bar_Attachment	Розгинання на блоці з V-рукояттю
Triceps_Pushdown	Розгинання рук на блоці
Tuck_Crunch	Скручування з підтягнутими колінами
Two-Arm_Dumbbell_Preacher_Curl	Згинання гантелей на лаві Скотта
Two-Arm_Kettlebell_Clean	Взяття гирі двома руками
Two-Arm_Kettlebell_Jerk	Поштовх гирі двома руками
Two-Arm_Kettlebell_Military_Press	Армійський жим двох гир
Two-Arm_Kettlebell_Row	Тяга двох гир у нахилі
Underhand_Cable_Pulldowns	Тяга верхнього блока зворотним хватом
Upright_Barbell_Row	Тяга штанги до підборіддя
Upright_Cable_Row	Тяга нижнього блока до підборіддя
Upright_Row_-_With_Bands	Тяга гуми до підборіддя
V-Bar_Pulldown	Тяга верхнього блока з V-рукояттю
V-Bar_Pullup	Підтягування з V-рукояттю
Vertical_Swing	Махи гантеллю вгору
Walking_Treadmill	Ходьба на доріжці
Weighted_Ball_Hyperextension	Гіперекстензія на фітболі з вагою
Weighted_Ball_Side_Bend	Бічні нахили на фітболі з вагою
Weighted_Bench_Dip	Віджимання від лави з вагою
Weighted_Crunches	Скручування з вагою
Weighted_Jump_Squat	Присідання з вистрибуванням з вагою
Weighted_Pull_Ups	Підтягування з вагою
Weighted_Sissy_Squat	Сісі-присід з вагою
Weighted_Sit-Ups_-_With_Bands	Підйом тулуба з гумою
Weighted_Squat	Присід з поясом для ваги
Wide-Grip_Barbell_Bench_Press	Жим штанги лежачи широким хватом
Wide-Grip_Decline_Barbell_Bench_Press	Жим штанги широким хватом з негативним нахилом
Wide-Grip_Decline_Barbell_Pullover	Пуловер зі штангою широким хватом з негативним нахилом
Wide-Grip_Lat_Pulldown	Тяга верхнього блока широким хватом
Wide-Grip_Pulldown_Behind_The_Neck	Тяга верхнього блока за голову
Wide-Grip_Rear_Pull-Up	Підтягування за голову широким хватом
Wide-Grip_Standing_Barbell_Curl	Згинання штанги стоячи широким хватом
Wide_Stance_Barbell_Squat	Присідання зі штангою з широкою постановкою ніг
Wide_Stance_Stiff_Legs	Тяга на прямих ногах з широкою постановкою
Wind_Sprints	Спринтерські прискорення
Wrist_Roller	Намотування мотузки з вагою
Wrist_Rotations_with_Straight_Bar	Обертання зап'ясть з грифом
Yoke_Walk	Хода з коромислом
Zercher_Squats	Присідання Зерхера
Zottman_Curl	Згинання Зоттмана
Zottman_Preacher_Curl	Згинання Зоттмана на лаві Скотта
